id,project,cvss_score,cvss_version
CVE-2011-4344,jenkins,2.6,2.0
CVE-2012-0324,jenkins,4.3,2.0
CVE-2012-0325,jenkins,4.3,2.0
CVE-2012-6072,jenkins,4.3,2.0
CVE-2012-6073,jenkins,5.8,2.0
CVE-2012-6074,jenkins,3.5,2.0
CVE-2013-0158,jenkins,2.6,2.0
CVE-2013-0327,jenkins,6.8,2.0
CVE-2013-0328,jenkins,4.3,2.0
CVE-2013-0329,jenkins,7.5,2.0
CVE-2013-0330,jenkins,4.0,2.0
CVE-2013-0331,jenkins,4.0,2.0
CVE-2013-5573,jenkins,4.3,2.0
CVE-2014-2059,jenkins,6.5,2.0
CVE-2014-2067,jenkins,3.5,2.0
CVE-2013-2033,jenkins,2.1,2.0
CVE-2014-3664,jenkins,4.0,2.0
CVE-2014-3681,jenkins,4.3,2.0
CVE-2014-3661,jenkins,5.0,2.0
CVE-2014-3662,jenkins,5.0,2.0
CVE-2014-3663,jenkins,6.0,2.0
CVE-2014-3666,jenkins,7.5,2.0
CVE-2014-3667,jenkins,4.0,2.0
CVE-2014-3680,jenkins,4.0,2.0
CVE-2013-7330,jenkins,4.0,2.0
CVE-2014-2058,jenkins,6.5,2.0
CVE-2014-2060,jenkins,5.0,2.0
CVE-2014-2061,jenkins,5.0,2.0
CVE-2014-2062,jenkins,6.5,2.0
CVE-2014-2063,jenkins,7.5,2.0
CVE-2014-2064,jenkins,5.0,2.0
CVE-2014-2065,jenkins,4.3,2.0
CVE-2014-2066,jenkins,6.8,2.0
CVE-2014-2068,jenkins,3.5,2.0
CVE-2015-1806,jenkins,6.5,2.0
CVE-2015-1807,jenkins,3.5,2.0
CVE-2015-1808,jenkins,3.5,2.0
CVE-2015-1810,jenkins,4.6,2.0
CVE-2015-1812,jenkins,4.3,2.0
CVE-2015-1813,jenkins,4.3,2.0
CVE-2015-1814,jenkins,7.5,2.0
CVE-2014-3665,jenkins,6.8,2.0
CVE-2015-5317,jenkins,7.5,3.1
CVE-2015-5318,jenkins,6.8,2.0
CVE-2015-5319,jenkins,5.0,2.0
CVE-2015-5320,jenkins,5.0,2.0
CVE-2015-5321,jenkins,5.0,2.0
CVE-2015-5322,jenkins,5.0,2.0
CVE-2015-5323,jenkins,6.5,2.0
CVE-2015-5324,jenkins,5.0,2.0
CVE-2015-5325,jenkins,7.5,2.0
CVE-2015-5326,jenkins,4.3,2.0
CVE-2015-8103,jenkins,9.8,3.1
CVE-2015-7536,jenkins,5.4,3.0
CVE-2015-7537,jenkins,8.8,3.0
CVE-2015-7538,jenkins,8.8,3.0
CVE-2015-7539,jenkins,7.5,3.0
CVE-2016-0788,jenkins,9.8,3.0
CVE-2016-0789,jenkins,6.1,3.0
CVE-2016-0790,jenkins,5.3,3.0
CVE-2016-0791,jenkins,9.8,3.0
CVE-2016-0792,jenkins,8.8,3.0
CVE-2016-3721,jenkins,4.3,3.1
CVE-2016-3722,jenkins,4.3,3.0
CVE-2016-3723,jenkins,4.3,3.0
CVE-2016-3724,jenkins,6.5,3.0
CVE-2016-3725,jenkins,4.3,3.0
CVE-2016-3726,jenkins,7.4,3.0
CVE-2016-3727,jenkins,4.3,3.0
CVE-2016-9299,jenkins,9.8,3.0
CVE-2017-1000362,jenkins,9.8,3.0
CVE-2014-9634,jenkins,5.3,3.0
CVE-2014-9635,jenkins,5.3,3.0
CVE-2017-17383,jenkins,4.7,3.0
CVE-2017-1000503,jenkins,8.1,3.0
CVE-2017-1000504,jenkins,8.1,3.0
CVE-2017-1000391,jenkins,7.3,3.0
CVE-2017-1000392,jenkins,4.8,3.0
CVE-2017-1000393,jenkins,8.8,3.0
CVE-2017-1000394,jenkins,7.5,3.0
CVE-2017-1000395,jenkins,4.3,3.0
CVE-2017-1000396,jenkins,5.9,3.0
CVE-2017-1000398,jenkins,4.3,3.0
CVE-2017-1000399,jenkins,4.3,3.0
CVE-2017-1000400,jenkins,4.3,3.0
CVE-2017-1000401,jenkins,2.2,3.0
CVE-2017-1000353,jenkins,9.8,3.1
CVE-2017-1000354,jenkins,8.8,3.0
CVE-2017-1000355,jenkins,6.5,3.0
CVE-2017-1000356,jenkins,8.8,3.0
CVE-2018-1000067,jenkins,5.3,3.1
CVE-2018-1000068,jenkins,5.3,3.1
CVE-2018-6356,jenkins,6.5,3.1
CVE-2017-2599,jenkins,5.4,3.1
CVE-2018-1000169,jenkins,5.3,3.0
CVE-2018-1000170,jenkins,5.4,3.0
CVE-2017-2611,jenkins,4.3,3.1
CVE-2017-2606,jenkins,4.3,3.0
CVE-2017-2601,jenkins,5.4,3.1
CVE-2017-2600,jenkins,4.3,3.0
CVE-2017-2608,jenkins,8.8,3.0
CVE-2017-2612,jenkins,5.4,3.0
CVE-2017-2602,jenkins,3.1,3.0
CVE-2017-2603,jenkins,2.6,3.0
CVE-2017-2604,jenkins,4.3,3.0
CVE-2017-2610,jenkins,5.4,3.0
CVE-2017-2613,jenkins,5.4,3.0
CVE-2017-2607,jenkins,4.2,3.0
CVE-2017-2609,jenkins,4.3,3.0
CVE-2017-2598,jenkins,4.3,3.0
CVE-2018-1000192,jenkins,4.3,3.1
CVE-2018-1000193,jenkins,4.3,3.1
CVE-2018-1000194,jenkins,8.1,3.1
CVE-2018-1000195,jenkins,4.3,3.1
CVE-2018-1999001,jenkins,8.8,3.1
CVE-2018-1999002,jenkins,7.5,3.1
CVE-2018-1999003,jenkins,4.3,3.1
CVE-2018-1999004,jenkins,4.3,3.1
CVE-2018-1999005,jenkins,5.4,3.1
CVE-2018-1999006,jenkins,4.3,3.0
CVE-2018-1999007,jenkins,5.4,3.1
CVE-2018-1999042,jenkins,5.3,3.0
CVE-2018-1999043,jenkins,7.5,3.0
CVE-2018-1999044,jenkins,6.5,3.0
CVE-2018-1999045,jenkins,5.4,3.0
CVE-2018-1999046,jenkins,4.3,3.0
CVE-2018-1999047,jenkins,6.5,3.0
CVE-2018-1000861,jenkins,9.8,3.1
CVE-2018-1000862,jenkins,4.3,3.0
CVE-2018-1000863,jenkins,8.2,3.0
CVE-2018-1000864,jenkins,6.5,3.0
CVE-2018-1000406,jenkins,6.5,3.0
CVE-2018-1000407,jenkins,6.1,3.0
CVE-2018-1000408,jenkins,6.5,3.0
CVE-2018-1000409,jenkins,5.4,3.0
CVE-2018-1000410,jenkins,7.8,3.0
CVE-2019-1003003,jenkins,7.2,3.1
CVE-2019-1003004,jenkins,7.2,3.1
CVE-2018-1000997,jenkins,6.5,3.0
CVE-2019-1003049,jenkins,8.1,3.1
CVE-2019-1003050,jenkins,5.4,3.1
CVE-2019-10352,jenkins,6.5,3.0
CVE-2019-10353,jenkins,7.5,3.0
CVE-2019-10354,jenkins,4.3,3.1
CVE-2019-10383,jenkins,4.8,3.1
CVE-2019-10384,jenkins,8.8,3.1
CVE-2019-10401,jenkins,5.4,3.1
CVE-2019-10402,jenkins,5.4,3.1
CVE-2019-10403,jenkins,5.4,3.1
CVE-2019-10404,jenkins,5.4,3.1
CVE-2019-10405,jenkins,5.4,3.1
CVE-2019-10406,jenkins,4.8,3.1
CVE-2012-4438,jenkins,8.8,3.1
CVE-2012-4439,jenkins,6.1,3.1
CVE-2012-4440,jenkins,6.1,3.1
CVE-2012-4441,jenkins,6.1,3.1
CVE-2020-2099,jenkins,8.6,3.1
CVE-2020-2100,jenkins,5.8,3.1
CVE-2020-2101,jenkins,5.3,3.1
CVE-2020-2102,jenkins,5.3,3.1
CVE-2020-2103,jenkins,5.4,3.1
CVE-2020-2104,jenkins,4.3,3.1
CVE-2020-2105,jenkins,5.4,3.1
CVE-2012-0785,jenkins,7.5,3.1
CVE-2020-2160,jenkins,8.8,3.1
CVE-2020-2161,jenkins,5.4,3.1
CVE-2020-2162,jenkins,5.4,3.1
CVE-2020-2163,jenkins,5.4,3.1
CVE-2020-2220,jenkins,5.4,3.1
CVE-2020-2221,jenkins,5.4,3.1
CVE-2020-2222,jenkins,5.4,3.1
CVE-2020-2223,jenkins,5.4,3.1
CVE-2020-2229,jenkins,5.4,3.1
CVE-2020-2230,jenkins,5.4,3.1
CVE-2020-2231,jenkins,5.4,3.1
CVE-2020-2251,jenkins,4.3,3.1
CVE-2021-21602,jenkins,6.5,3.1
CVE-2021-21603,jenkins,5.4,3.1
CVE-2021-21604,jenkins,8.0,3.1
CVE-2021-21605,jenkins,8.0,3.1
CVE-2021-21606,jenkins,4.3,3.1
CVE-2021-21607,jenkins,6.5,3.1
CVE-2021-21608,jenkins,5.4,3.1
CVE-2021-21609,jenkins,5.3,3.1
CVE-2021-21610,jenkins,6.1,3.1
CVE-2021-21611,jenkins,5.4,3.1
CVE-2021-21615,jenkins,5.3,3.1
CVE-2021-21639,jenkins,4.3,3.1
CVE-2021-21640,jenkins,4.3,3.1
CVE-2021-21670,jenkins,4.3,3.1
CVE-2021-21671,jenkins,7.5,3.1
CVE-2021-21682,jenkins,4.3,3.1
CVE-2021-21683,jenkins,6.5,3.1
CVE-2021-21685,jenkins,9.1,3.1
CVE-2021-21686,jenkins,8.1,3.1
CVE-2021-21687,jenkins,9.1,3.1
CVE-2021-21688,jenkins,7.5,3.1
CVE-2021-21689,jenkins,9.1,3.1
CVE-2021-21690,jenkins,9.8,3.1
CVE-2021-21691,jenkins,9.8,3.1
CVE-2021-21692,jenkins,9.8,3.1
CVE-2021-21693,jenkins,9.8,3.1
CVE-2021-21694,jenkins,9.8,3.1
CVE-2021-21695,jenkins,8.8,3.1
CVE-2021-21696,jenkins,9.8,3.1
CVE-2021-21697,jenkins,9.1,3.1
CVE-2022-20612,jenkins,4.3,3.1
CVE-2022-0538,jenkins,7.5,3.1
CVE-2022-34170,jenkins,5.4,3.1
CVE-2022-34171,jenkins,5.4,3.1
CVE-2022-34172,jenkins,5.4,3.1
CVE-2022-34173,jenkins,5.4,3.1
CVE-2022-34174,jenkins,7.5,3.1
CVE-2022-34175,jenkins,7.5,3.1
CVE-2022-41224,jenkins,5.4,3.1
CVE-2023-27898,jenkins,9.6,3.1
CVE-2023-27899,jenkins,7.0,3.1
CVE-2023-27900,jenkins,7.5,3.1
CVE-2023-27901,jenkins,7.5,3.1
CVE-2023-27902,jenkins,4.3,3.1
CVE-2023-27903,jenkins,4.4,3.1
CVE-2023-27904,jenkins,5.3,3.1
CVE-2023-35141,jenkins,8.0,3.1
CVE-2023-39151,jenkins,5.4,3.1
CVE-2023-43494,jenkins,4.3,3.1
CVE-2023-43495,jenkins,5.4,3.1
CVE-2023-43496,jenkins,8.8,3.1
CVE-2023-43497,jenkins,8.1,3.1
CVE-2023-43498,jenkins,8.1,3.1
CVE-2024-23897,jenkins,9.8,3.1
CVE-2024-23898,jenkins,8.8,3.1
CVE-2024-43044,jenkins,8.8,3.1
CVE-2024-43045,jenkins,6.3,3.1
CVE-2024-47803,jenkins,4.3,3.1
CVE-2024-47804,jenkins,4.3,3.1
CVE-2025-27622,jenkins,4.3,3.1
CVE-2025-27623,jenkins,4.3,3.1
CVE-2025-27624,jenkins,5.4,3.1
CVE-2025-27625,jenkins,4.3,3.1
CVE-2025-31720,jenkins,4.3,3.1
CVE-2025-31721,jenkins,4.3,3.1
CVE-2024-9453,jenkins,6.5,3.1
CVE-2025-59474,jenkins,5.3,3.1
CVE-2025-59475,jenkins,4.3,3.1
CVE-2025-59476,jenkins,5.3,3.1
CVE-2025-67635,jenkins,7.5,3.1
CVE-2025-67636,jenkins,4.3,3.1
CVE-2025-67637,jenkins,4.3,3.1
CVE-2025-67638,jenkins,4.3,3.1
CVE-2025-67639,jenkins,3.5,3.1
CVE-2026-27099,jenkins,8.0,3.1
CVE-2026-27100,jenkins,4.3,3.1
CVE-2026-33001,jenkins,8.8,3.1
CVE-2026-33002,jenkins,7.5,3.1
CVE-2013-7316,gitlab,4.3,2.0
CVE-2013-4580,gitlab,6.8,2.0
CVE-2013-4581,gitlab,6.8,2.0
CVE-2013-4490,gitlab,6.5,2.0
CVE-2013-4546,gitlab,6.5,2.0
CVE-2014-3456,gitlab,4.3,2.0
CVE-2013-4489,gitlab,6.5,2.0
CVE-2016-9086,gitlab,6.5,3.0
CVE-2016-4340,gitlab,8.8,3.0
CVE-2016-9469,gitlab,8.2,3.0
CVE-2017-0882,gitlab,6.3,3.0
CVE-2017-8778,gitlab,6.1,3.0
CVE-2017-11437,gitlab,6.5,3.0
CVE-2017-11438,gitlab,6.3,3.0
CVE-2017-12426,gitlab,8.8,3.0
CVE-2017-17716,gitlab,5.9,3.0
CVE-2014-8540,gitlab,6.5,3.0
CVE-2017-0914,gitlab,7.5,3.0
CVE-2017-0915,gitlab,9.8,3.0
CVE-2017-0916,gitlab,9.8,3.0
CVE-2017-0917,gitlab,6.1,3.0
CVE-2017-0918,gitlab,8.8,3.0
CVE-2017-0922,gitlab,7.5,3.0
CVE-2017-0923,gitlab,6.1,3.0
CVE-2017-0924,gitlab,6.1,3.0
CVE-2017-0925,gitlab,7.2,3.0
CVE-2017-0926,gitlab,8.8,3.0
CVE-2017-0927,gitlab,6.5,3.0
CVE-2018-3710,gitlab,7.8,3.1
CVE-2017-0920,gitlab,4.3,3.0
CVE-2018-8971,gitlab,9.8,3.0
CVE-2018-9243,gitlab,6.1,3.0
CVE-2018-9244,gitlab,6.1,3.0
CVE-2018-8801,gitlab,6.5,3.0
CVE-2018-10379,gitlab,6.1,3.0
CVE-2017-0919,gitlab,7.5,3.0
CVE-2017-0921,gitlab,8.1,3.0
CVE-2018-14364,gitlab,9.8,3.0
CVE-2018-14601,gitlab,7.5,3.0
CVE-2018-14602,gitlab,7.5,3.0
CVE-2018-14603,gitlab,8.8,3.0
CVE-2018-14604,gitlab,6.1,3.0
CVE-2018-14605,gitlab,5.4,3.0
CVE-2018-14606,gitlab,5.4,3.0
CVE-2018-12605,gitlab,5.4,3.0
CVE-2018-12606,gitlab,5.4,3.0
CVE-2018-12607,gitlab,5.4,3.0
CVE-2018-16048,gitlab,6.5,3.0
CVE-2018-16049,gitlab,9.8,3.0
CVE-2018-16050,gitlab,6.1,3.0
CVE-2018-16051,gitlab,6.5,3.0
CVE-2018-18649,gitlab,9.8,3.0
CVE-2018-17939,gitlab,7.5,3.0
CVE-2018-17975,gitlab,5.3,3.0
CVE-2018-17976,gitlab,6.5,3.0
CVE-2018-18640,gitlab,6.5,3.0
CVE-2018-18641,gitlab,9.8,3.0
CVE-2018-18642,gitlab,6.1,3.0
CVE-2018-18644,gitlab,6.5,3.0
CVE-2018-18645,gitlab,4.3,3.0
CVE-2018-18646,gitlab,8.8,3.0
CVE-2018-18647,gitlab,6.5,3.0
CVE-2018-18648,gitlab,7.5,3.0
CVE-2018-18843,gitlab,10.0,3.0
CVE-2019-6240,gitlab,7.5,3.0
CVE-2018-19856,gitlab,7.5,3.0
CVE-2018-20144,gitlab,7.5,3.0
CVE-2018-20229,gitlab,7.5,3.0
CVE-2019-6796,gitlab,6.1,3.0
CVE-2019-7155,gitlab,6.5,3.0
CVE-2019-9170,gitlab,5.3,3.0
CVE-2019-9171,gitlab,3.7,3.0
CVE-2019-9172,gitlab,5.9,3.0
CVE-2019-9174,gitlab,10.0,3.0
CVE-2019-9175,gitlab,5.3,3.0
CVE-2019-9176,gitlab,6.5,3.0
CVE-2019-9178,gitlab,5.3,3.0
CVE-2019-9179,gitlab,3.7,3.0
CVE-2019-9217,gitlab,9.8,3.0
CVE-2019-9219,gitlab,3.7,3.0
CVE-2019-9220,gitlab,7.5,3.0
CVE-2019-9222,gitlab,8.1,3.0
CVE-2019-9223,gitlab,7.5,3.0
CVE-2019-9224,gitlab,5.3,3.0
CVE-2019-9225,gitlab,5.3,3.0
CVE-2019-9756,gitlab,9.8,3.0
CVE-2019-9890,gitlab,9.1,3.0
CVE-2018-18643,gitlab,6.1,3.0
CVE-2018-19359,gitlab,8.8,3.0
CVE-2019-11000,gitlab,6.5,3.1
CVE-2019-10640,gitlab,7.5,3.0
CVE-2019-10108,gitlab,5.4,3.0
CVE-2019-10109,gitlab,5.3,3.0
CVE-2019-10110,gitlab,6.5,3.0
CVE-2019-10111,gitlab,5.4,3.0
CVE-2019-10113,gitlab,7.5,3.0
CVE-2019-10114,gitlab,7.5,3.0
CVE-2019-10115,gitlab,6.5,3.0
CVE-2019-10116,gitlab,4.3,3.0
CVE-2019-10117,gitlab,6.1,3.0
CVE-2019-10112,gitlab,7.5,3.0
CVE-2018-19585,gitlab,7.5,3.0
CVE-2018-20500,gitlab,7.5,3.0
CVE-2019-5883,gitlab,9.1,3.0
CVE-2019-6781,gitlab,7.5,3.1
CVE-2019-6787,gitlab,6.5,3.0
CVE-2019-6790,gitlab,4.3,3.0
CVE-2019-6797,gitlab,7.5,3.0
CVE-2019-7353,gitlab,9.1,3.0
CVE-2019-7549,gitlab,4.3,3.0
CVE-2019-9218,gitlab,9.8,3.0
CVE-2019-9221,gitlab,5.5,3.0
CVE-2019-9485,gitlab,9.8,3.0
CVE-2019-9732,gitlab,9.8,3.0
CVE-2019-9866,gitlab,6.5,3.0
CVE-2018-19493,gitlab,6.1,3.0
CVE-2018-19494,gitlab,4.3,3.0
CVE-2018-19495,gitlab,6.5,3.0
CVE-2018-19496,gitlab,6.5,3.0
CVE-2018-19577,gitlab,5.3,3.1
CVE-2018-19569,gitlab,8.8,3.0
CVE-2018-19570,gitlab,5.4,3.1
CVE-2018-19572,gitlab,5.9,3.0
CVE-2018-19573,gitlab,5.4,3.1
CVE-2018-19574,gitlab,5.4,3.1
CVE-2018-19575,gitlab,4.3,3.0
CVE-2018-19576,gitlab,8.1,3.0
CVE-2018-19571,gitlab,7.7,3.1
CVE-2018-19578,gitlab,6.5,3.0
CVE-2018-19579,gitlab,5.4,3.0
CVE-2018-19580,gitlab,5.3,3.0
CVE-2018-19581,gitlab,7.5,3.0
CVE-2018-19582,gitlab,4.3,3.0
CVE-2018-19583,gitlab,6.5,3.1
CVE-2018-19584,gitlab,7.5,3.0
CVE-2019-14943,gitlab,9.8,3.0
CVE-2019-5461,gitlab,3.5,3.1
CVE-2019-5463,gitlab,5.3,3.1
CVE-2019-5467,gitlab,5.4,3.1
CVE-2019-5471,gitlab,5.4,3.1
CVE-2019-5473,gitlab,7.2,3.1
CVE-2019-11544,gitlab,4.3,3.1
CVE-2019-11545,gitlab,4.3,3.1
CVE-2019-11546,gitlab,5.3,3.1
CVE-2019-11547,gitlab,6.1,3.1
CVE-2019-11548,gitlab,5.4,3.1
CVE-2019-11549,gitlab,6.5,3.1
CVE-2019-11605,gitlab,7.5,3.1
CVE-2019-6782,gitlab,7.5,3.1
CVE-2019-6783,gitlab,8.8,3.1
CVE-2019-6784,gitlab,6.1,3.1
CVE-2019-6785,gitlab,6.5,3.1
CVE-2019-6786,gitlab,6.5,3.1
CVE-2019-6788,gitlab,7.5,3.1
CVE-2019-6789,gitlab,4.3,3.1
CVE-2019-6792,gitlab,5.3,3.1
CVE-2019-6793,gitlab,7.0,3.1
CVE-2019-6794,gitlab,4.3,3.1
CVE-2019-6795,gitlab,5.4,3.1
CVE-2019-6960,gitlab,9.8,3.1
CVE-2019-6995,gitlab,6.5,3.1
CVE-2019-6996,gitlab,4.3,3.1
CVE-2019-6997,gitlab,4.3,3.1
CVE-2019-6791,gitlab,6.5,3.1
CVE-2019-7176,gitlab,3.7,3.1
CVE-2019-16170,gitlab,7.1,3.1
CVE-2019-15721,gitlab,5.4,3.1
CVE-2019-15722,gitlab,7.5,3.1
CVE-2019-15723,gitlab,5.3,3.1
CVE-2019-15724,gitlab,6.1,3.1
CVE-2019-15725,gitlab,7.5,3.1
CVE-2019-15726,gitlab,5.3,3.1
CVE-2019-15727,gitlab,5.3,3.1
CVE-2019-15728,gitlab,7.5,3.1
CVE-2019-15730,gitlab,7.5,3.1
CVE-2019-15731,gitlab,5.3,3.1
CVE-2019-15732,gitlab,5.3,3.1
CVE-2019-15733,gitlab,4.3,3.1
CVE-2019-15734,gitlab,4.3,3.1
CVE-2019-15736,gitlab,7.5,3.1
CVE-2019-15737,gitlab,6.5,3.1
CVE-2019-15738,gitlab,5.3,3.1
CVE-2019-15739,gitlab,6.1,3.1
CVE-2019-15740,gitlab,5.3,3.1
CVE-2019-15729,gitlab,7.5,3.1
CVE-2019-15593,gitlab,6.5,3.1
CVE-2019-18460,gitlab,7.5,3.1
CVE-2019-18461,gitlab,4.3,3.1
CVE-2019-18462,gitlab,4.3,3.1
CVE-2019-18463,gitlab,4.3,3.1
CVE-2019-18457,gitlab,8.8,3.1
CVE-2019-18458,gitlab,2.7,3.1
CVE-2019-18459,gitlab,5.3,3.1
CVE-2019-18446,gitlab,4.3,3.1
CVE-2019-18447,gitlab,4.3,3.1
CVE-2019-18448,gitlab,6.5,3.1
CVE-2019-18449,gitlab,4.3,3.1
CVE-2019-18450,gitlab,4.3,3.1
CVE-2019-18451,gitlab,6.1,3.1
CVE-2019-18452,gitlab,5.3,3.1
CVE-2019-18453,gitlab,4.3,3.1
CVE-2019-18454,gitlab,6.1,3.1
CVE-2019-18455,gitlab,7.5,3.1
CVE-2019-18456,gitlab,5.3,3.1
CVE-2019-15575,gitlab,7.5,3.1
CVE-2019-15576,gitlab,7.5,3.1
CVE-2019-15577,gitlab,4.3,3.1
CVE-2019-15580,gitlab,6.5,3.1
CVE-2019-15589,gitlab,8.8,3.1
CVE-2019-15591,gitlab,6.5,3.1
CVE-2019-5469,gitlab,6.5,3.1
CVE-2019-5486,gitlab,8.8,3.1
CVE-2019-5487,gitlab,5.3,3.1
CVE-2019-15584,gitlab,6.5,3.1
CVE-2018-20492,gitlab,5.3,3.1
CVE-2018-20488,gitlab,4.3,3.1
CVE-2018-20489,gitlab,5.3,3.1
CVE-2018-20490,gitlab,5.4,3.1
CVE-2018-20491,gitlab,5.4,3.1
CVE-2018-20493,gitlab,4.3,3.1
CVE-2018-20494,gitlab,7.5,3.1
CVE-2018-20495,gitlab,5.3,3.1
CVE-2018-20496,gitlab,5.4,3.1
CVE-2018-20497,gitlab,5.0,3.1
CVE-2018-20498,gitlab,4.3,3.1
CVE-2018-20499,gitlab,7.2,3.1
CVE-2018-20501,gitlab,6.3,3.1
CVE-2018-20507,gitlab,5.3,3.1
CVE-2019-19086,gitlab,4.3,3.1
CVE-2019-19087,gitlab,4.3,3.1
CVE-2019-19088,gitlab,9.8,3.1
CVE-2019-19254,gitlab,5.3,3.1
CVE-2019-19311,gitlab,5.4,3.1
CVE-2019-19255,gitlab,4.3,3.1
CVE-2019-19256,gitlab,5.3,3.1
CVE-2019-19257,gitlab,5.3,3.1
CVE-2019-19258,gitlab,5.3,3.1
CVE-2019-19259,gitlab,4.3,3.1
CVE-2019-19260,gitlab,5.4,3.1
CVE-2019-19261,gitlab,8.8,3.1
CVE-2019-19262,gitlab,4.3,3.1
CVE-2019-19263,gitlab,4.3,3.1
CVE-2019-19309,gitlab,4.3,3.1
CVE-2019-19310,gitlab,4.9,3.1
CVE-2019-19312,gitlab,5.8,3.1
CVE-2019-19313,gitlab,7.5,3.1
CVE-2019-19314,gitlab,7.5,3.1
CVE-2019-19628,gitlab,9.8,3.1
CVE-2019-19629,gitlab,7.5,3.1
CVE-2019-20145,gitlab,4.3,3.1
CVE-2019-20146,gitlab,5.3,3.1
CVE-2019-20147,gitlab,5.3,3.1
CVE-2019-20148,gitlab,5.3,3.1
CVE-2020-5197,gitlab,4.3,3.1
CVE-2020-6832,gitlab,5.3,3.1
CVE-2019-20142,gitlab,4.3,3.1
CVE-2019-20143,gitlab,5.3,3.1
CVE-2019-20144,gitlab,4.3,3.1
CVE-2019-15578,gitlab,5.3,3.1
CVE-2019-15579,gitlab,5.3,3.1
CVE-2019-15581,gitlab,5.3,3.1
CVE-2019-15582,gitlab,5.3,3.1
CVE-2019-15583,gitlab,7.5,3.1
CVE-2019-15585,gitlab,9.8,3.1
CVE-2019-15586,gitlab,6.1,3.1
CVE-2019-15590,gitlab,7.5,3.1
CVE-2019-5462,gitlab,8.8,3.1
CVE-2019-5464,gitlab,9.8,3.1
CVE-2019-5465,gitlab,4.3,3.1
CVE-2019-5466,gitlab,4.3,3.1
CVE-2019-5468,gitlab,8.8,3.1
CVE-2019-5470,gitlab,7.5,3.1
CVE-2019-5472,gitlab,7.5,3.1
CVE-2019-5474,gitlab,6.5,3.1
CVE-2013-4582,gitlab,6.5,3.1
CVE-2013-4583,gitlab,8.8,3.1
CVE-2020-7979,gitlab,5.3,3.1
CVE-2020-8114,gitlab,9.8,3.1
CVE-2020-7966,gitlab,7.5,3.1
CVE-2020-7967,gitlab,4.3,3.1
CVE-2020-7968,gitlab,7.5,3.1
CVE-2020-7969,gitlab,7.5,3.1
CVE-2020-7971,gitlab,6.1,3.1
CVE-2020-7972,gitlab,7.5,3.1
CVE-2020-7973,gitlab,6.1,3.1
CVE-2020-7974,gitlab,5.3,3.1
CVE-2020-7976,gitlab,5.3,3.1
CVE-2020-7977,gitlab,5.3,3.1
CVE-2020-7978,gitlab,7.5,3.1
CVE-2020-6833,gitlab,7.5,3.1
CVE-2019-15592,gitlab,4.3,3.1
CVE-2019-15594,gitlab,4.3,3.1
CVE-2019-12825,gitlab,4.3,3.1
CVE-2020-8795,gitlab,7.5,3.1
CVE-2020-8113,gitlab,9.8,3.1
CVE-2019-12428,gitlab,9.8,3.1
CVE-2019-12429,gitlab,6.5,3.1
CVE-2019-12430,gitlab,8.8,3.1
CVE-2019-12431,gitlab,4.3,3.1
CVE-2019-12432,gitlab,4.3,3.1
CVE-2019-12433,gitlab,5.3,3.1
CVE-2019-12434,gitlab,4.3,3.1
CVE-2019-12441,gitlab,7.5,3.1
CVE-2019-12442,gitlab,6.1,3.1
CVE-2019-12443,gitlab,9.8,3.1
CVE-2019-12444,gitlab,6.1,3.1
CVE-2019-12445,gitlab,5.4,3.1
CVE-2019-12446,gitlab,7.5,3.1
CVE-2019-13001,gitlab,4.3,3.1
CVE-2019-13002,gitlab,4.3,3.1
CVE-2019-13003,gitlab,7.5,3.1
CVE-2019-13004,gitlab,5.3,3.1
CVE-2019-13005,gitlab,4.3,3.1
CVE-2019-13006,gitlab,4.3,3.1
CVE-2019-13007,gitlab,4.9,3.1
CVE-2019-13009,gitlab,6.5,3.1
CVE-2019-13010,gitlab,5.9,3.1
CVE-2019-13011,gitlab,4.3,3.1
CVE-2019-13121,gitlab,7.5,3.1
CVE-2020-10535,gitlab,5.3,3.1
CVE-2020-10078,gitlab,6.1,3.1
CVE-2020-10079,gitlab,5.3,3.1
CVE-2020-10080,gitlab,5.3,3.1
CVE-2020-10081,gitlab,6.5,3.1
CVE-2020-10082,gitlab,5.3,3.1
CVE-2020-10083,gitlab,9.1,3.1
CVE-2020-10084,gitlab,5.3,3.1
CVE-2020-10085,gitlab,5.3,3.1
CVE-2020-10086,gitlab,5.3,3.1
CVE-2020-10087,gitlab,7.5,3.1
CVE-2020-10088,gitlab,8.1,3.1
CVE-2020-10089,gitlab,7.5,3.1
CVE-2020-10090,gitlab,5.3,3.1
CVE-2020-10091,gitlab,6.1,3.1
CVE-2020-10092,gitlab,6.1,3.1
CVE-2020-10073,gitlab,7.5,3.1
CVE-2020-10074,gitlab,9.8,3.1
CVE-2020-10075,gitlab,6.1,3.1
CVE-2020-10076,gitlab,6.1,3.1
CVE-2020-10077,gitlab,9.8,3.1
CVE-2020-10952,gitlab,6.5,3.1
CVE-2020-10953,gitlab,7.5,3.1
CVE-2020-10954,gitlab,7.5,3.1
CVE-2020-10955,gitlab,6.5,3.1
CVE-2020-10956,gitlab,9.8,3.1
CVE-2020-10975,gitlab,4.3,3.1
CVE-2020-10976,gitlab,7.5,3.1
CVE-2020-10977,gitlab,5.5,3.1
CVE-2020-10978,gitlab,5.3,3.1
CVE-2020-10979,gitlab,4.3,3.1
CVE-2020-10980,gitlab,9.8,3.1
CVE-2020-10981,gitlab,4.3,3.1
CVE-2020-11505,gitlab,7.5,3.1
CVE-2020-11506,gitlab,7.5,3.1
CVE-2020-11649,gitlab,6.5,3.1
CVE-2020-12275,gitlab,5.3,3.1
CVE-2020-12276,gitlab,4.8,3.1
CVE-2020-12277,gitlab,5.3,3.1
CVE-2020-12448,gitlab,5.3,3.1
CVE-2020-13266,gitlab,4.3,3.1
CVE-2020-13267,gitlab,6.1,3.1
CVE-2020-13268,gitlab,5.3,3.1
CVE-2020-13269,gitlab,6.1,3.1
CVE-2020-13270,gitlab,7.5,3.1
CVE-2020-13271,gitlab,6.1,3.1
CVE-2020-13277,gitlab,6.3,3.1
CVE-2020-13262,gitlab,6.1,3.1
CVE-2020-13265,gitlab,4.3,3.1
CVE-2020-13273,gitlab,7.5,3.1
CVE-2020-13274,gitlab,7.5,3.1
CVE-2020-13275,gitlab,8.0,3.1
CVE-2020-13276,gitlab,7.4,3.1
CVE-2020-13261,gitlab,5.3,3.1
CVE-2020-13263,gitlab,7.5,3.1
CVE-2020-13264,gitlab,5.3,3.1
CVE-2020-15525,gitlab,5.3,3.1
CVE-2020-13292,gitlab,9.6,3.1
CVE-2020-13293,gitlab,6.3,3.1
CVE-2020-13294,gitlab,4.2,3.1
CVE-2020-13288,gitlab,5.5,3.1
CVE-2020-13290,gitlab,7.5,3.1
CVE-2020-13291,gitlab,8.1,3.1
CVE-2020-13280,gitlab,6.5,3.1
CVE-2020-13282,gitlab,3.1,3.1
CVE-2020-13283,gitlab,7.3,3.1
CVE-2020-13285,gitlab,7.3,3.1
CVE-2020-13281,gitlab,6.5,3.1
CVE-2020-13286,gitlab,6.4,3.1
CVE-2020-13284,gitlab,6.5,3.1
CVE-2020-13287,gitlab,4.3,3.1
CVE-2020-13289,gitlab,5.4,3.1
CVE-2020-13299,gitlab,8.1,3.1
CVE-2020-13300,gitlab,8.0,3.1
CVE-2020-13316,gitlab,5.4,3.1
CVE-2020-13318,gitlab,6.4,3.1
CVE-2020-13311,gitlab,4.3,3.1
CVE-2020-13312,gitlab,6.5,3.1
CVE-2020-13313,gitlab,4.3,3.1
CVE-2020-13314,gitlab,3.7,3.1
CVE-2020-13317,gitlab,6.5,3.1
CVE-2020-13297,gitlab,3.8,3.1
CVE-2020-13298,gitlab,7.2,3.1
CVE-2020-13301,gitlab,5.5,3.1
CVE-2020-13302,gitlab,3.8,3.1
CVE-2020-13304,gitlab,3.8,3.1
CVE-2020-13305,gitlab,3.5,3.1
CVE-2020-13306,gitlab,3.7,3.1
CVE-2020-13309,gitlab,5.4,3.1
CVE-2020-13310,gitlab,6.5,3.1
CVE-2020-13315,gitlab,3.7,3.1
CVE-2020-13303,gitlab,7.1,3.1
CVE-2020-13307,gitlab,3.8,3.1
CVE-2020-13308,gitlab,2.7,3.1
CVE-2020-13296,gitlab,6.5,3.1
CVE-2020-13319,gitlab,4.3,3.1
CVE-2020-13320,gitlab,6.5,3.1
CVE-2020-13321,gitlab,8.3,3.1
CVE-2020-13322,gitlab,7.2,3.1
CVE-2020-13323,gitlab,7.7,3.1
CVE-2020-13324,gitlab,6.5,3.1
CVE-2020-13325,gitlab,7.1,3.1
CVE-2020-13326,gitlab,4.3,3.1
CVE-2020-13328,gitlab,4.8,3.1
CVE-2020-13329,gitlab,6.5,3.1
CVE-2020-13330,gitlab,4.4,3.1
CVE-2020-13331,gitlab,5.4,3.1
CVE-2020-13336,gitlab,4.0,3.1
CVE-2020-13337,gitlab,7.2,3.1
CVE-2020-13338,gitlab,5.4,3.1
CVE-2020-13333,gitlab,4.3,3.1
CVE-2020-13343,gitlab,7.5,3.1
CVE-2020-13345,gitlab,5.5,3.1
CVE-2020-13334,gitlab,5.9,3.1
CVE-2020-13335,gitlab,4.3,3.1
CVE-2020-13346,gitlab,6.5,3.1
CVE-2020-13347,gitlab,9.1,3.1
CVE-2020-13342,gitlab,2.7,3.1
CVE-2020-13339,gitlab,5.5,3.1
CVE-2020-13340,gitlab,8.7,3.1
CVE-2020-13344,gitlab,5.7,3.1
CVE-2020-13341,gitlab,4.9,3.1
CVE-2020-13352,gitlab,3.7,3.1
CVE-2020-13354,gitlab,4.3,3.1
CVE-2020-13358,gitlab,4.7,3.1
CVE-2020-26406,gitlab,5.3,3.1
CVE-2020-13350,gitlab,3.1,3.1
CVE-2020-13351,gitlab,6.5,3.1
CVE-2020-13348,gitlab,5.7,3.1
CVE-2020-13349,gitlab,4.3,3.1
CVE-2020-26405,gitlab,7.1,3.1
CVE-2020-13355,gitlab,7.5,3.1
CVE-2020-13356,gitlab,8.2,3.1
CVE-2020-13359,gitlab,7.6,3.1
CVE-2020-26407,gitlab,5.5,3.1
CVE-2020-26409,gitlab,4.3,3.1
CVE-2020-13357,gitlab,4.3,3.1
CVE-2020-26408,gitlab,5.3,3.1
CVE-2020-26412,gitlab,3.1,3.1
CVE-2020-26413,gitlab,5.3,3.1
CVE-2020-26415,gitlab,4.3,3.1
CVE-2020-26416,gitlab,4.0,3.1
CVE-2020-26417,gitlab,5.3,3.1
CVE-2020-26411,gitlab,4.3,3.1
CVE-2020-26414,gitlab,4.3,3.1
CVE-2021-22166,gitlab,5.3,3.1
CVE-2021-22167,gitlab,5.3,3.1
CVE-2021-22168,gitlab,4.3,3.1
CVE-2021-22171,gitlab,7.3,3.1
CVE-2021-22187,gitlab,4.3,3.1
CVE-2021-22182,gitlab,3.5,3.1
CVE-2021-22188,gitlab,5.3,3.1
CVE-2021-22183,gitlab,4.1,3.1
CVE-2021-22189,gitlab,5.9,3.1
CVE-2021-22176,gitlab,4.3,3.1
CVE-2021-22178,gitlab,5.0,3.1
CVE-2021-22179,gitlab,5.4,3.1
CVE-2021-22185,gitlab,5.4,3.1
CVE-2021-22186,gitlab,4.9,3.1
CVE-2021-22192,gitlab,9.9,3.1
CVE-2021-22193,gitlab,3.5,3.1
CVE-2021-22169,gitlab,4.3,3.1
CVE-2021-22172,gitlab,4.3,3.1
CVE-2021-22180,gitlab,4.3,3.1
CVE-2021-22184,gitlab,6.2,3.1
CVE-2021-22194,gitlab,5.7,3.1
CVE-2021-22177,gitlab,4.3,3.1
CVE-2021-22196,gitlab,6.3,3.1
CVE-2021-22197,gitlab,3.5,3.1
CVE-2021-22198,gitlab,4.3,3.1
CVE-2021-22200,gitlab,5.9,3.1
CVE-2021-22201,gitlab,9.6,3.1
CVE-2021-22202,gitlab,2.4,3.1
CVE-2021-22203,gitlab,7.5,3.1
CVE-2021-22190,gitlab,8.5,3.1
CVE-2021-22199,gitlab,3.5,3.1
CVE-2021-22205,gitlab,10.0,3.1
CVE-2021-22211,gitlab,3.1,3.1
CVE-2021-22206,gitlab,6.8,3.1
CVE-2021-22208,gitlab,4.3,3.1
CVE-2021-22209,gitlab,7.5,3.1
CVE-2021-22210,gitlab,5.3,3.1
CVE-2021-22214,gitlab,6.8,3.1
CVE-2021-22215,gitlab,7.5,3.1
CVE-2021-22218,gitlab,2.6,3.1
CVE-2021-22213,gitlab,8.8,3.1
CVE-2021-22217,gitlab,6.5,3.1
CVE-2021-22219,gitlab,4.4,3.1
CVE-2021-22221,gitlab,6.5,3.1
CVE-2021-22216,gitlab,6.5,3.1
CVE-2021-22220,gitlab,6.1,3.1
CVE-2021-22175,gitlab,6.8,3.1
CVE-2021-22181,gitlab,7.7,3.1
CVE-2021-22226,gitlab,6.5,3.1
CVE-2021-22229,gitlab,5.9,3.1
CVE-2021-22232,gitlab,3.5,3.1
CVE-2021-22223,gitlab,6.1,3.1
CVE-2021-22228,gitlab,6.5,3.1
CVE-2021-22227,gitlab,6.1,3.1
CVE-2021-22230,gitlab,4.9,3.1
CVE-2021-22231,gitlab,3.5,3.1
CVE-2021-22224,gitlab,7.1,3.1
CVE-2021-22225,gitlab,4.7,3.1
CVE-2021-22233,gitlab,4.3,3.1
CVE-2021-22240,gitlab,4.2,3.1
CVE-2021-22241,gitlab,8.7,3.1
CVE-2021-22234,gitlab,9.6,3.1
CVE-2021-22238,gitlab,6.8,3.1
CVE-2021-22246,gitlab,7.7,3.1
CVE-2021-22254,gitlab,3.1,3.1
CVE-2021-22248,gitlab,5.3,3.1
CVE-2021-22249,gitlab,4.3,3.1
CVE-2021-22251,gitlab,4.3,3.1
CVE-2021-22252,gitlab,6.5,3.1
CVE-2021-22253,gitlab,4.9,3.1
CVE-2021-22236,gitlab,5.5,3.1
CVE-2021-22237,gitlab,6.6,3.1
CVE-2021-22242,gitlab,8.7,3.1
CVE-2021-22243,gitlab,5.0,3.1
CVE-2021-22244,gitlab,3.1,3.1
CVE-2021-22245,gitlab,2.7,3.1
CVE-2021-22247,gitlab,4.3,3.1
CVE-2021-22250,gitlab,5.4,3.1
CVE-2021-22256,gitlab,5.4,3.1
CVE-2021-22239,gitlab,5.0,3.1
CVE-2021-22259,gitlab,4.3,3.1
CVE-2021-39868,gitlab,4.3,3.1
CVE-2021-39871,gitlab,4.3,3.1
CVE-2021-39873,gitlab,4.3,3.1
CVE-2021-39874,gitlab,4.3,3.1
CVE-2021-39877,gitlab,7.7,3.1
CVE-2021-39879,gitlab,2.2,3.1
CVE-2021-39883,gitlab,4.3,3.1
CVE-2021-39885,gitlab,8.7,3.1
CVE-2021-39896,gitlab,3.8,3.1
CVE-2021-39899,gitlab,2.9,3.1
CVE-2021-39900,gitlab,2.0,3.1
CVE-2021-39887,gitlab,7.3,3.1
CVE-2021-39866,gitlab,5.4,3.1
CVE-2021-39867,gitlab,6.5,3.1
CVE-2021-39869,gitlab,6.5,3.1
CVE-2021-39872,gitlab,6.5,3.1
CVE-2021-39875,gitlab,5.3,3.1
CVE-2021-39878,gitlab,5.8,3.1
CVE-2021-39882,gitlab,5.3,3.1
CVE-2021-39884,gitlab,4.3,3.1
CVE-2021-39888,gitlab,4.3,3.1
CVE-2021-39893,gitlab,5.3,3.1
CVE-2021-39894,gitlab,5.4,3.1
CVE-2021-22257,gitlab,5.3,3.1
CVE-2021-22258,gitlab,4.3,3.1
CVE-2021-22261,gitlab,7.3,3.1
CVE-2021-22262,gitlab,5.4,3.1
CVE-2021-22264,gitlab,6.8,3.1
CVE-2021-39870,gitlab,4.3,3.1
CVE-2021-39881,gitlab,3.5,3.1
CVE-2021-39886,gitlab,2.6,3.1
CVE-2021-39889,gitlab,4.3,3.1
CVE-2021-39891,gitlab,5.9,3.1
CVE-2021-39880,gitlab,6.5,3.1
CVE-2021-22263,gitlab,5.5,3.1
CVE-2021-39902,gitlab,4.3,3.1
CVE-2021-39903,gitlab,6.5,3.1
CVE-2021-39914,gitlab,3.1,3.1
CVE-2021-22260,gitlab,7.7,3.1
CVE-2021-39895,gitlab,6.0,3.1
CVE-2021-39897,gitlab,2.6,3.1
CVE-2021-39898,gitlab,3.7,3.1
CVE-2021-39901,gitlab,2.7,3.1
CVE-2021-39904,gitlab,4.3,3.1
CVE-2021-39905,gitlab,4.3,3.1
CVE-2021-39906,gitlab,8.7,3.1
CVE-2021-39907,gitlab,5.3,3.1
CVE-2021-39909,gitlab,5.3,3.1
CVE-2021-39911,gitlab,1.7,3.1
CVE-2021-39912,gitlab,5.3,3.1
CVE-2021-39913,gitlab,4.4,3.1
CVE-2021-22170,gitlab,6.2,3.1
CVE-2021-39890,gitlab,3.1,3.1
CVE-2021-39910,gitlab,2.6,3.1
CVE-2021-39915,gitlab,5.3,3.1
CVE-2021-39916,gitlab,4.3,3.1
CVE-2021-39917,gitlab,4.3,3.1
CVE-2021-39918,gitlab,3.1,3.1
CVE-2021-39919,gitlab,4.4,3.1
CVE-2021-39930,gitlab,4.3,3.1
CVE-2021-39931,gitlab,3.1,3.1
CVE-2021-39932,gitlab,4.3,3.1
CVE-2021-39933,gitlab,4.3,3.1
CVE-2021-39934,gitlab,4.3,3.1
CVE-2021-39935,gitlab,6.8,3.1
CVE-2021-39936,gitlab,3.5,3.1
CVE-2021-39937,gitlab,5.9,3.1
CVE-2021-39938,gitlab,3.1,3.1
CVE-2021-39939,gitlab,6.5,3.1
CVE-2021-39940,gitlab,4.3,3.1
CVE-2021-39941,gitlab,3.7,3.1
CVE-2021-39944,gitlab,7.1,3.1
CVE-2021-39945,gitlab,2.7,3.1
CVE-2021-39892,gitlab,4.3,3.1
CVE-2021-39927,gitlab,3.5,3.1
CVE-2021-39942,gitlab,4.3,3.1
CVE-2021-39946,gitlab,8.7,3.1
CVE-2022-0090,gitlab,6.5,3.1
CVE-2022-0093,gitlab,3.5,3.1
CVE-2022-0124,gitlab,4.3,3.1
CVE-2022-0125,gitlab,4.3,3.1
CVE-2022-0151,gitlab,6.5,3.1
CVE-2022-0152,gitlab,6.5,3.1
CVE-2022-0154,gitlab,7.5,3.1
CVE-2022-0172,gitlab,5.3,3.1
CVE-2022-0244,gitlab,8.6,3.1
CVE-2021-39943,gitlab,4.3,3.1
CVE-2021-39876,gitlab,4.3,3.1
CVE-2021-4191,gitlab,5.3,3.1
CVE-2022-0123,gitlab,5.9,3.1
CVE-2022-0136,gitlab,5.4,3.1
CVE-2022-0249,gitlab,3.1,3.1
CVE-2022-0283,gitlab,4.7,3.1
CVE-2022-0344,gitlab,3.1,3.1
CVE-2022-0371,gitlab,4.3,3.1
CVE-2022-0427,gitlab,7.7,3.1
CVE-2022-0488,gitlab,3.5,3.1
CVE-2022-0549,gitlab,6.5,3.1
CVE-2022-0735,gitlab,10.0,3.1
CVE-2022-0738,gitlab,4.2,3.1
CVE-2022-0751,gitlab,6.5,3.1
CVE-2021-39908,gitlab,6.5,3.1
CVE-2022-0373,gitlab,4.3,3.1
CVE-2022-0390,gitlab,4.3,3.1
CVE-2022-0425,gitlab,5.4,3.1
CVE-2022-0489,gitlab,3.5,3.1
CVE-2022-0741,gitlab,5.8,3.1
CVE-2022-0740,gitlab,3.1,3.1
CVE-2022-1099,gitlab,4.3,3.1
CVE-2022-1100,gitlab,4.3,3.1
CVE-2022-1105,gitlab,4.3,3.1
CVE-2022-1111,gitlab,2.4,3.1
CVE-2022-1120,gitlab,4.8,3.1
CVE-2022-1121,gitlab,5.3,3.1
CVE-2022-1148,gitlab,5.3,3.1
CVE-2022-1162,gitlab,9.1,3.1
CVE-2022-1174,gitlab,4.3,3.1
CVE-2022-1175,gitlab,8.7,3.1
CVE-2022-1185,gitlab,6.5,3.1
CVE-2022-1188,gitlab,3.7,3.1
CVE-2022-1189,gitlab,3.1,3.1
CVE-2022-1190,gitlab,8.7,3.1
CVE-2022-1157,gitlab,2.6,3.1
CVE-2022-1193,gitlab,4.3,3.1
CVE-2022-0477,gitlab,4.9,3.1
CVE-2022-1417,gitlab,4.3,3.1
CVE-2022-1431,gitlab,4.3,3.1
CVE-2022-1124,gitlab,4.3,3.1
CVE-2022-1352,gitlab,5.3,3.1
CVE-2022-1406,gitlab,6.5,3.1
CVE-2022-1426,gitlab,2.0,3.1
CVE-2022-1428,gitlab,4.3,3.1
CVE-2022-1433,gitlab,2.6,3.1
CVE-2022-1460,gitlab,6.1,3.1
CVE-2022-1510,gitlab,6.5,3.1
CVE-2022-1545,gitlab,4.3,3.1
CVE-2022-1413,gitlab,5.4,3.1
CVE-2022-1416,gitlab,4.3,3.1
CVE-2022-1423,gitlab,7.1,3.1
CVE-2022-1783,gitlab,2.7,3.1
CVE-2022-1821,gitlab,4.3,3.1
CVE-2022-1935,gitlab,6.5,3.1
CVE-2022-1936,gitlab,6.5,3.1
CVE-2022-1940,gitlab,7.7,3.1
CVE-2022-1944,gitlab,5.4,3.1
CVE-2022-1680,gitlab,9.9,3.1
CVE-2022-1983,gitlab,6.5,3.1
CVE-2022-2185,gitlab,9.9,3.1
CVE-2022-2227,gitlab,3.1,3.1
CVE-2022-2230,gitlab,8.1,3.1
CVE-2022-2235,gitlab,8.7,3.1
CVE-2022-2243,gitlab,5.0,3.1
CVE-2022-2244,gitlab,4.3,3.1
CVE-2022-2250,gitlab,4.7,3.1
CVE-2022-2281,gitlab,2.6,3.1
CVE-2022-1963,gitlab,5.3,3.1
CVE-2022-1981,gitlab,2.7,3.1
CVE-2022-1999,gitlab,3.1,3.1
CVE-2022-2228,gitlab,5.3,3.1
CVE-2022-2229,gitlab,7.5,3.1
CVE-2022-2270,gitlab,3.5,3.1
CVE-2022-0167,gitlab,3.1,3.1
CVE-2022-1954,gitlab,4.3,3.1
CVE-2022-1948,gitlab,8.7,3.1
CVE-2022-2095,gitlab,4.3,3.1
CVE-2022-2303,gitlab,4.3,3.1
CVE-2022-2307,gitlab,3.5,3.1
CVE-2022-2326,gitlab,6.4,3.1
CVE-2022-2417,gitlab,6.2,3.1
CVE-2022-2456,gitlab,4.9,3.1
CVE-2022-2459,gitlab,2.7,3.1
CVE-2022-2497,gitlab,8.5,3.1
CVE-2022-2498,gitlab,6.4,3.1
CVE-2022-2499,gitlab,3.5,3.1
CVE-2022-2500,gitlab,4.4,3.1
CVE-2022-2501,gitlab,5.9,3.1
CVE-2022-2512,gitlab,6.5,3.1
CVE-2022-2531,gitlab,5.3,3.1
CVE-2022-2534,gitlab,2.2,3.1
CVE-2022-2539,gitlab,5.3,3.1
CVE-2022-2428,gitlab,6.4,3.1
CVE-2022-2455,gitlab,6.5,3.1
CVE-2022-2527,gitlab,7.3,3.1
CVE-2022-2533,gitlab,6.5,3.1
CVE-2022-2592,gitlab,6.5,3.1
CVE-2022-2630,gitlab,4.3,3.1
CVE-2022-2865,gitlab,7.3,3.1
CVE-2022-2884,gitlab,9.9,3.1
CVE-2022-2908,gitlab,4.3,3.1
CVE-2022-2931,gitlab,7.5,3.1
CVE-2022-2992,gitlab,9.9,3.1
CVE-2022-3030,gitlab,4.3,3.1
CVE-2022-3031,gitlab,3.7,3.1
CVE-2022-3060,gitlab,7.3,3.1
CVE-2022-3066,gitlab,5.4,3.1
CVE-2022-3067,gitlab,6.5,3.1
CVE-2022-3279,gitlab,2.7,3.1
CVE-2022-3283,gitlab,7.5,3.1
CVE-2022-3286,gitlab,5.3,3.1
CVE-2022-3288,gitlab,3.5,3.1
CVE-2022-3291,gitlab,6.5,3.1
CVE-2022-3293,gitlab,3.5,3.1
CVE-2022-3325,gitlab,2.7,3.1
CVE-2022-3330,gitlab,4.3,3.1
CVE-2022-3331,gitlab,3.5,3.1
CVE-2022-3351,gitlab,4.3,3.1
CVE-2022-3639,gitlab,4.3,3.1
CVE-2022-2882,gitlab,5.5,3.1
CVE-2022-3018,gitlab,6.8,3.1
CVE-2022-2826,gitlab,2.7,3.1
CVE-2022-2904,gitlab,7.3,3.1
CVE-2022-2761,gitlab,4.3,3.1
CVE-2022-3265,gitlab,7.3,3.1
CVE-2022-3280,gitlab,3.5,3.1
CVE-2022-3285,gitlab,5.3,3.1
CVE-2022-3483,gitlab,5.5,3.1
CVE-2022-3486,gitlab,4.7,3.1
CVE-2022-3413,gitlab,4.3,3.1
CVE-2022-3706,gitlab,3.1,3.1
CVE-2022-3726,gitlab,4.8,3.1
CVE-2022-3793,gitlab,4.3,3.1
CVE-2022-3818,gitlab,5.3,3.1
CVE-2022-3819,gitlab,3.5,3.1
CVE-2022-3514,gitlab,4.3,3.1
CVE-2022-3573,gitlab,5.4,3.1
CVE-2022-3613,gitlab,5.8,3.1
CVE-2022-3870,gitlab,5.3,3.1
CVE-2022-4037,gitlab,6.4,3.1
CVE-2022-4131,gitlab,4.3,3.1
CVE-2022-4167,gitlab,5.3,3.1
CVE-2022-4342,gitlab,5.5,3.1
CVE-2022-4365,gitlab,5.5,3.1
CVE-2023-0042,gitlab,6.1,3.1
CVE-2022-2907,gitlab,5.7,3.1
CVE-2022-3478,gitlab,4.3,3.1
CVE-2022-3482,gitlab,5.3,3.1
CVE-2022-3572,gitlab,9.3,3.1
CVE-2022-3740,gitlab,6.5,3.1
CVE-2022-3820,gitlab,6.5,3.1
CVE-2022-3902,gitlab,5.5,3.1
CVE-2022-4054,gitlab,5.5,3.1
CVE-2022-4092,gitlab,5.7,3.1
CVE-2022-4335,gitlab,4.3,3.1
CVE-2022-4201,gitlab,3.5,3.1
CVE-2022-4205,gitlab,6.3,3.1
CVE-2022-4255,gitlab,4.3,3.1
CVE-2022-3411,gitlab,6.5,3.1
CVE-2022-3759,gitlab,4.3,3.1
CVE-2022-4138,gitlab,6.4,3.1
CVE-2023-0518,gitlab,4.3,3.1
CVE-2022-4007,gitlab,5.4,3.1
CVE-2022-4462,gitlab,5.0,3.1
CVE-2023-0483,gitlab,5.5,3.1
CVE-2023-1084,gitlab,2.7,3.1
CVE-2022-3381,gitlab,4.3,3.1
CVE-2022-4289,gitlab,6.4,3.1
CVE-2023-0223,gitlab,5.3,3.1
CVE-2022-4331,gitlab,5.7,3.1
CVE-2023-0050,gitlab,8.7,3.1
CVE-2023-1072,gitlab,4.3,3.1
CVE-2022-3758,gitlab,5.4,3.1
CVE-2022-3375,gitlab,3.1,3.1
CVE-2022-3513,gitlab,6.1,3.1
CVE-2023-0319,gitlab,5.8,3.1
CVE-2023-0523,gitlab,5.4,3.1
CVE-2023-1098,gitlab,5.8,3.1
CVE-2023-1733,gitlab,5.8,3.1
CVE-2023-0450,gitlab,3.7,3.1
CVE-2023-0838,gitlab,5.5,3.1
CVE-2023-1071,gitlab,3.1,3.1
CVE-2023-1167,gitlab,5.3,3.1
CVE-2023-1417,gitlab,4.3,3.1
CVE-2023-1708,gitlab,5.7,3.1
CVE-2023-1710,gitlab,5.3,3.1
CVE-2023-1787,gitlab,4.3,3.1
CVE-2018-15472,gitlab,7.5,3.1
CVE-2018-17449,gitlab,7.5,3.1
CVE-2018-17450,gitlab,4.3,3.1
CVE-2018-17451,gitlab,8.8,3.1
CVE-2018-17452,gitlab,9.8,3.1
CVE-2018-17453,gitlab,5.3,3.1
CVE-2018-17454,gitlab,5.4,3.1
CVE-2018-17455,gitlab,7.5,3.1
CVE-2018-17536,gitlab,5.4,3.1
CVE-2018-17537,gitlab,5.4,3.1
CVE-2019-14942,gitlab,5.9,3.1
CVE-2019-14944,gitlab,6.5,3.1
CVE-2023-0155,gitlab,5.4,3.1
CVE-2023-0485,gitlab,6.5,3.1
CVE-2023-1204,gitlab,4.3,3.1
CVE-2023-1265,gitlab,5.4,3.1
CVE-2023-1836,gitlab,4.4,3.1
CVE-2023-1965,gitlab,6.8,3.1
CVE-2023-2069,gitlab,6.4,3.1
CVE-2022-4376,gitlab,3.1,3.1
CVE-2023-0756,gitlab,4.8,3.1
CVE-2023-0805,gitlab,4.9,3.1
CVE-2023-1178,gitlab,5.7,3.1
CVE-2023-2182,gitlab,6.8,3.1
CVE-2023-2478,gitlab,9.6,3.1
CVE-2023-2181,gitlab,6.3,3.1
CVE-2023-2825,gitlab,10.0,3.1
CVE-2023-0921,gitlab,4.3,3.1
CVE-2023-2132,gitlab,7.5,3.1
CVE-2023-1621,gitlab,6.5,3.1
CVE-2023-2442,gitlab,8.7,3.1
CVE-2023-0121,gitlab,6.5,3.1
CVE-2023-0508,gitlab,3.1,3.1
CVE-2023-1825,gitlab,3.1,3.1
CVE-2023-2001,gitlab,4.3,3.1
CVE-2023-2013,gitlab,2.6,3.1
CVE-2023-2015,gitlab,4.4,3.1
CVE-2023-2198,gitlab,7.5,3.1
CVE-2023-2199,gitlab,7.5,3.1
CVE-2023-2485,gitlab,4.4,3.1
CVE-2023-2589,gitlab,5.9,3.1
CVE-2022-4143,gitlab,6.4,3.1
CVE-2023-2232,gitlab,6.5,3.1
CVE-2023-1936,gitlab,3.5,3.1
CVE-2023-2190,gitlab,6.5,3.1
CVE-2023-2200,gitlab,4.1,3.1
CVE-2023-2576,gitlab,4.3,3.1
CVE-2023-2620,gitlab,5.5,3.1
CVE-2023-3362,gitlab,5.3,3.1
CVE-2023-3363,gitlab,3.9,3.1
CVE-2023-3424,gitlab,7.5,3.1
CVE-2023-3444,gitlab,5.7,3.1
CVE-2023-3484,gitlab,8.0,3.1
CVE-2023-3102,gitlab,5.3,3.1
CVE-2023-1401,gitlab,5.0,3.1
CVE-2023-0632,gitlab,6.5,3.1
CVE-2023-1210,gitlab,3.1,3.1
CVE-2023-2164,gitlab,5.4,3.1
CVE-2023-3364,gitlab,7.5,3.1
CVE-2023-3385,gitlab,6.3,3.1
CVE-2023-3500,gitlab,4.8,3.1
CVE-2023-3900,gitlab,4.3,3.1
CVE-2023-3993,gitlab,4.9,3.1
CVE-2023-3994,gitlab,7.5,3.1
CVE-2023-4011,gitlab,4.3,3.1
CVE-2023-2022,gitlab,4.3,3.1
CVE-2023-3401,gitlab,4.8,3.1
CVE-2023-3932,gitlab,8.2,3.1
CVE-2023-4008,gitlab,5.3,3.1
CVE-2023-4002,gitlab,5.3,3.1
CVE-2023-4522,gitlab,4.3,3.1
CVE-2022-4343,gitlab,5.0,3.1
CVE-2023-0120,gitlab,3.5,3.1
CVE-2023-1279,gitlab,2.6,3.1
CVE-2023-1555,gitlab,2.7,3.1
CVE-2023-3205,gitlab,6.5,3.1
CVE-2023-3210,gitlab,6.5,3.1
CVE-2023-3915,gitlab,6.5,3.1
CVE-2023-3950,gitlab,5.5,3.1
CVE-2023-4018,gitlab,4.3,3.1
CVE-2023-4378,gitlab,5.5,3.1
CVE-2023-4647,gitlab,5.3,3.1
CVE-2023-4630,gitlab,5.0,3.1
CVE-2023-5009,gitlab,8.2,3.1
CVE-2023-0989,gitlab,4.3,3.1
CVE-2023-2233,gitlab,3.1,3.1
CVE-2023-3115,gitlab,5.4,3.1
CVE-2023-3906,gitlab,3.5,3.1
CVE-2023-3914,gitlab,5.4,3.1
CVE-2023-3917,gitlab,4.3,3.1
CVE-2023-3920,gitlab,4.3,3.1
CVE-2023-3979,gitlab,3.1,3.1
CVE-2023-4532,gitlab,4.3,3.1
CVE-2023-3922,gitlab,3.0,3.1
CVE-2023-5198,gitlab,4.3,3.1
CVE-2023-3413,gitlab,6.5,3.1
CVE-2023-5207,gitlab,8.2,3.1
CVE-2023-5106,gitlab,8.2,3.1
CVE-2023-5825,gitlab,6.5,3.1
CVE-2023-5831,gitlab,3.7,3.1
CVE-2023-3246,gitlab,4.3,3.1
CVE-2023-3399,gitlab,8.5,3.1
CVE-2023-3909,gitlab,4.3,3.1
CVE-2023-5963,gitlab,3.1,3.1
CVE-2023-4700,gitlab,3.5,3.1
CVE-2023-4379,gitlab,8.1,3.1
CVE-2023-3443,gitlab,3.1,3.1
CVE-2023-3949,gitlab,5.3,3.1
CVE-2023-3964,gitlab,4.3,3.1
CVE-2023-4317,gitlab,4.3,3.1
CVE-2023-4658,gitlab,3.1,3.1
CVE-2023-4912,gitlab,2.6,3.1
CVE-2023-5226,gitlab,4.8,3.1
CVE-2023-5995,gitlab,4.4,3.1
CVE-2023-6033,gitlab,8.7,3.1
CVE-2023-5332,gitlab,5.9,3.1
CVE-2023-3511,gitlab,2.0,3.1
CVE-2023-3904,gitlab,4.3,3.1
CVE-2023-5061,gitlab,4.3,3.1
CVE-2023-5512,gitlab,4.8,3.1
CVE-2023-6051,gitlab,5.7,3.1
CVE-2023-6680,gitlab,7.4,3.1
CVE-2023-3907,gitlab,4.9,3.1
CVE-2023-2030,gitlab,3.5,3.1
CVE-2023-4812,gitlab,7.6,3.1
CVE-2023-5356,gitlab,7.3,3.1
CVE-2023-6955,gitlab,6.6,3.1
CVE-2023-7028,gitlab,10.0,3.1
CVE-2023-5933,gitlab,6.4,3.1
CVE-2024-0402,gitlab,9.9,3.1
CVE-2024-0456,gitlab,4.3,3.1
CVE-2023-5612,gitlab,5.3,3.1
CVE-2023-6159,gitlab,6.5,3.1
CVE-2023-6736,gitlab,6.5,3.1
CVE-2023-6840,gitlab,6.7,3.1
CVE-2024-1066,gitlab,6.5,3.1
CVE-2023-6564,gitlab,6.5,3.1
CVE-2024-1250,gitlab,6.5,3.1
CVE-2023-3509,gitlab,3.7,3.1
CVE-2023-6477,gitlab,6.7,3.1
CVE-2024-0410,gitlab,7.7,3.1
CVE-2024-0861,gitlab,4.3,3.1
CVE-2024-1451,gitlab,8.7,3.1
CVE-2024-1525,gitlab,5.3,3.1
CVE-2023-4895,gitlab,4.3,3.1
CVE-2024-0199,gitlab,7.7,3.1
CVE-2024-1299,gitlab,6.5,3.1
CVE-2023-6371,gitlab,8.7,3.1
CVE-2024-2818,gitlab,4.3,3.1
CVE-2023-6489,gitlab,4.3,3.1
CVE-2023-6678,gitlab,4.3,3.1
CVE-2024-2279,gitlab,8.7,3.1
CVE-2024-3092,gitlab,8.7,3.1
CVE-2024-1347,gitlab,4.3,3.1
CVE-2024-2434,gitlab,8.5,3.1
CVE-2024-2829,gitlab,7.5,3.1
CVE-2024-4006,gitlab,4.3,3.1
CVE-2024-4024,gitlab,7.3,3.1
CVE-2023-6682,gitlab,6.5,3.1
CVE-2023-6688,gitlab,6.5,3.1
CVE-2024-2454,gitlab,6.5,3.1
CVE-2024-2651,gitlab,6.5,3.1
CVE-2024-4539,gitlab,4.3,3.1
CVE-2024-4597,gitlab,5.7,3.1
CVE-2024-2874,gitlab,6.5,3.1
CVE-2024-4835,gitlab,8.0,3.1
CVE-2023-6502,gitlab,4.3,3.1
CVE-2023-7045,gitlab,5.4,3.1
CVE-2024-1947,gitlab,4.3,3.1
CVE-2024-5258,gitlab,4.4,3.1
CVE-2024-5318,gitlab,4.0,3.1
CVE-2024-1495,gitlab,6.5,3.1
CVE-2024-1736,gitlab,6.5,3.1
CVE-2024-1963,gitlab,6.5,3.1
CVE-2024-4201,gitlab,4.4,3.1
CVE-2024-5469,gitlab,3.1,3.1
CVE-2024-1493,gitlab,6.5,3.1
CVE-2024-1816,gitlab,5.3,3.1
CVE-2024-2191,gitlab,5.3,3.1
CVE-2024-3115,gitlab,4.3,3.1
CVE-2024-3959,gitlab,6.5,3.1
CVE-2024-4011,gitlab,3.1,3.1
CVE-2024-4557,gitlab,6.5,3.1
CVE-2024-4901,gitlab,8.7,3.1
CVE-2024-5430,gitlab,6.8,3.1
CVE-2024-5655,gitlab,9.6,3.1
CVE-2024-6323,gitlab,7.5,3.1
CVE-2024-2177,gitlab,6.8,3.1
CVE-2024-2880,gitlab,2.7,3.1
CVE-2024-5257,gitlab,4.9,3.1
CVE-2024-5470,gitlab,3.8,3.1
CVE-2024-6385,gitlab,9.6,3.1
CVE-2024-6595,gitlab,3.0,3.1
CVE-2024-0231,gitlab,2.7,3.1
CVE-2024-5067,gitlab,4.4,3.1
CVE-2024-7060,gitlab,2.6,3.1
CVE-2024-7091,gitlab,4.1,3.1
CVE-2024-7047,gitlab,7.7,3.1
CVE-2024-7057,gitlab,4.3,3.1
CVE-2024-4210,gitlab,6.5,3.1
CVE-2024-4784,gitlab,4.2,3.1
CVE-2024-6329,gitlab,5.7,3.1
CVE-2024-2800,gitlab,6.5,3.1
CVE-2024-3035,gitlab,6.8,3.1
CVE-2024-3114,gitlab,4.3,3.1
CVE-2024-3958,gitlab,5.3,3.1
CVE-2024-4207,gitlab,4.4,3.1
CVE-2024-5423,gitlab,6.5,3.1
CVE-2024-7554,gitlab,4.9,3.1
CVE-2024-7610,gitlab,4.3,3.1
CVE-2024-3127,gitlab,4.3,3.1
CVE-2024-6502,gitlab,5.7,3.1
CVE-2024-7110,gitlab,6.4,3.1
CVE-2024-8041,gitlab,6.5,3.1
CVE-2024-2743,gitlab,5.3,3.1
CVE-2024-4612,gitlab,6.4,3.1
CVE-2024-4660,gitlab,6.5,3.1
CVE-2024-5435,gitlab,4.5,3.1
CVE-2024-6389,gitlab,4.3,3.1
CVE-2024-6446,gitlab,3.5,3.1
CVE-2024-8124,gitlab,7.5,3.1
CVE-2024-8631,gitlab,5.5,3.1
CVE-2024-8635,gitlab,7.7,3.1
CVE-2024-8640,gitlab,8.5,3.1
CVE-2024-8754,gitlab,6.4,3.1
CVE-2024-4472,gitlab,4.0,3.1
CVE-2024-6678,gitlab,9.9,3.1
CVE-2024-8311,gitlab,6.5,3.1
CVE-2024-8641,gitlab,6.7,3.1
CVE-2024-4283,gitlab,6.4,3.1
CVE-2024-6685,gitlab,3.1,3.1
CVE-2024-4278,gitlab,5.5,3.1
CVE-2024-4099,gitlab,3.1,3.1
CVE-2024-8974,gitlab,2.6,3.1
CVE-2023-3441,gitlab,6.6,3.1
CVE-2024-8977,gitlab,8.2,3.1
CVE-2024-9596,gitlab,3.7,3.1
CVE-2024-9623,gitlab,4.9,3.1
CVE-2024-6530,gitlab,7.3,3.1
CVE-2024-5005,gitlab,4.3,3.1
CVE-2024-8970,gitlab,8.2,3.1
CVE-2024-9164,gitlab,9.6,3.1
CVE-2024-6826,gitlab,6.5,3.1
CVE-2024-8312,gitlab,8.7,3.1
CVE-2024-8180,gitlab,5.4,3.1
CVE-2024-9693,gitlab,8.5,3.1
CVE-2024-7404,gitlab,6.8,3.1
CVE-2024-8648,gitlab,6.1,3.1
CVE-2024-9633,gitlab,3.1,3.1
CVE-2024-11668,gitlab,4.2,3.1
CVE-2024-11669,gitlab,6.5,3.1
CVE-2024-11828,gitlab,4.3,3.1
CVE-2024-8114,gitlab,8.2,3.1
CVE-2024-8177,gitlab,5.3,3.1
CVE-2024-8237,gitlab,6.5,3.1
CVE-2024-10240,gitlab,5.3,3.1
CVE-2024-10043,gitlab,3.1,3.1
CVE-2024-11274,gitlab,8.7,3.1
CVE-2024-12292,gitlab,4.0,3.1
CVE-2024-12570,gitlab,6.7,3.1
CVE-2024-8179,gitlab,5.4,3.1
CVE-2024-8233,gitlab,7.5,3.1
CVE-2024-8647,gitlab,5.4,3.1
CVE-2024-9367,gitlab,4.3,3.1
CVE-2024-9387,gitlab,6.4,3.1
CVE-2024-8116,gitlab,5.3,3.1
CVE-2024-8650,gitlab,5.3,3.1
CVE-2023-5117,gitlab,3.7,3.1
CVE-2025-0194,gitlab,6.5,3.1
CVE-2024-12431,gitlab,4.3,3.1
CVE-2024-6324,gitlab,4.3,3.1
CVE-2024-13041,gitlab,4.2,3.1
CVE-2024-11931,gitlab,6.4,3.1
CVE-2025-0314,gitlab,8.7,3.1
CVE-2025-0290,gitlab,4.3,3.1
CVE-2023-6195,gitlab,2.6,3.1
CVE-2024-1211,gitlab,6.4,3.1
CVE-2023-6386,gitlab,6.5,3.1
CVE-2024-1539,gitlab,4.3,3.1
CVE-2024-6356,gitlab,4.4,3.1
CVE-2024-5528,gitlab,3.5,3.1
CVE-2024-9631,gitlab,7.5,3.1
CVE-2024-3976,gitlab,6.5,3.1
CVE-2024-2878,gitlab,7.5,3.1
CVE-2025-1072,gitlab,6.5,3.1
CVE-2024-10383,gitlab,8.7,3.1
CVE-2024-12379,gitlab,6.5,3.1
CVE-2025-0376,gitlab,8.7,3.1
CVE-2025-1042,gitlab,4.9,3.1
CVE-2025-1212,gitlab,4.3,3.1
CVE-2024-9870,gitlab,4.3,3.1
CVE-2025-0516,gitlab,4.3,3.1
CVE-2024-7102,gitlab,9.6,3.1
CVE-2024-8266,gitlab,4.4,3.1
CVE-2025-1198,gitlab,4.2,3.1
CVE-2024-3303,gitlab,6.4,3.1
CVE-2024-8186,gitlab,5.4,3.1
CVE-2024-10925,gitlab,5.3,3.1
CVE-2025-0475,gitlab,8.7,3.1
CVE-2025-0555,gitlab,7.7,3.1
CVE-2025-1540,gitlab,3.1,3.1
CVE-2025-2045,gitlab,4.3,3.1
CVE-2024-12380,gitlab,4.4,3.1
CVE-2024-13054,gitlab,6.5,3.1
CVE-2024-7296,gitlab,2.7,3.1
CVE-2024-8402,gitlab,3.7,3.1
CVE-2025-0652,gitlab,4.3,3.1
CVE-2025-1257,gitlab,6.5,3.1
CVE-2024-9773,gitlab,3.7,3.1
CVE-2025-0811,gitlab,8.7,3.1
CVE-2025-2242,gitlab,7.5,3.1
CVE-2025-2255,gitlab,8.7,3.1
CVE-2025-2867,gitlab,4.4,3.1
CVE-2024-10307,gitlab,4.3,3.1
CVE-2024-12619,gitlab,5.2,3.1
CVE-2024-11129,gitlab,6.3,3.1
CVE-2025-1677,gitlab,6.5,3.1
CVE-2025-2408,gitlab,5.3,3.1
CVE-2025-2469,gitlab,3.7,3.1
CVE-2025-0362,gitlab,6.4,3.1
CVE-2024-12244,gitlab,4.3,3.1
CVE-2025-0639,gitlab,6.5,3.1
CVE-2025-1908,gitlab,7.7,3.1
CVE-2024-8973,gitlab,6.5,3.1
CVE-2025-0549,gitlab,6.8,3.1
CVE-2025-1278,gitlab,5.3,3.1
CVE-2025-1110,gitlab,2.7,3.1
CVE-2025-2853,gitlab,6.5,3.1
CVE-2025-3111,gitlab,6.5,3.1
CVE-2025-4979,gitlab,4.9,3.1
CVE-2024-12093,gitlab,6.8,3.1
CVE-2025-0605,gitlab,4.6,3.1
CVE-2025-0679,gitlab,4.3,3.1
CVE-2025-0993,gitlab,7.5,3.1
CVE-2024-7803,gitlab,6.5,3.1
CVE-2024-9163,gitlab,3.5,3.1
CVE-2025-1763,gitlab,8.7,3.1
CVE-2025-1478,gitlab,6.5,3.1
CVE-2025-1516,gitlab,6.5,3.1
CVE-2025-2254,gitlab,8.7,3.1
CVE-2025-4278,gitlab,8.7,3.1
CVE-2025-5996,gitlab,6.5,3.1
CVE-2025-0673,gitlab,7.5,3.1
CVE-2025-5195,gitlab,4.3,3.1
CVE-2024-9512,gitlab,5.3,3.1
CVE-2025-5982,gitlab,3.7,3.1
CVE-2024-7586,gitlab,4.1,3.1
CVE-2025-2443,gitlab,8.7,3.1
CVE-2025-5121,gitlab,8.5,3.1
CVE-2024-4025,gitlab,6.5,3.1
CVE-2024-4994,gitlab,8.1,3.1
CVE-2023-5600,gitlab,3.1,3.1
CVE-2025-1754,gitlab,5.3,3.1
CVE-2025-2938,gitlab,3.1,3.1
CVE-2025-3279,gitlab,6.5,3.1
CVE-2025-5315,gitlab,4.3,3.1
CVE-2025-5846,gitlab,2.7,3.1
CVE-2025-3396,gitlab,4.3,3.1
CVE-2025-4972,gitlab,2.7,3.1
CVE-2025-6168,gitlab,2.7,3.1
CVE-2025-6948,gitlab,8.7,3.1
CVE-2025-4439,gitlab,7.7,3.1
CVE-2025-4700,gitlab,8.7,3.1
CVE-2025-0765,gitlab,4.3,3.1
CVE-2025-1299,gitlab,4.3,3.1
CVE-2025-4976,gitlab,4.3,3.1
CVE-2025-7001,gitlab,4.3,3.1
CVE-2024-10219,gitlab,6.5,3.1
CVE-2024-12303,gitlab,6.7,3.1
CVE-2025-1477,gitlab,6.5,3.1
CVE-2025-2498,gitlab,3.1,3.1
CVE-2025-2614,gitlab,6.5,3.1
CVE-2025-2937,gitlab,6.5,3.1
CVE-2025-5819,gitlab,5.0,3.1
CVE-2025-6186,gitlab,8.7,3.1
CVE-2025-7734,gitlab,8.7,3.1
CVE-2025-7739,gitlab,8.7,3.1
CVE-2025-8770,gitlab,6.5,3.1
CVE-2025-2246,gitlab,5.8,3.1
CVE-2025-3601,gitlab,6.5,3.1
CVE-2025-4225,gitlab,5.3,3.1
CVE-2025-5101,gitlab,5.0,3.1
CVE-2025-10094,gitlab,6.5,3.1
CVE-2025-1250,gitlab,6.5,3.1
CVE-2025-2256,gitlab,7.5,3.1
CVE-2025-6454,gitlab,8.5,3.1
CVE-2025-6769,gitlab,4.3,3.1
CVE-2025-7337,gitlab,6.5,3.1
CVE-2025-10858,gitlab,7.5,3.1
CVE-2025-10867,gitlab,3.5,3.1
CVE-2025-10871,gitlab,3.8,3.1
CVE-2025-7691,gitlab,6.5,3.1
CVE-2025-9642,gitlab,8.7,3.1
CVE-2025-9958,gitlab,7.7,3.1
CVE-2025-10868,gitlab,3.5,3.1
CVE-2025-11042,gitlab,4.3,3.1
CVE-2025-5069,gitlab,3.5,3.1
CVE-2025-8014,gitlab,7.5,3.1
CVE-2025-10004,gitlab,7.5,3.1
CVE-2025-11340,gitlab,7.7,3.1
CVE-2025-2934,gitlab,4.3,3.1
CVE-2025-10497,gitlab,7.5,3.1
CVE-2025-11447,gitlab,7.5,3.1
CVE-2025-11971,gitlab,6.5,3.1
CVE-2025-11974,gitlab,6.5,3.1
CVE-2025-11989,gitlab,3.7,3.1
CVE-2025-6601,gitlab,2.7,3.1
CVE-2025-11702,gitlab,8.5,3.1
CVE-2025-11865,gitlab,4.3,3.1
CVE-2025-11990,gitlab,3.1,3.1
CVE-2025-2615,gitlab,4.3,3.1
CVE-2025-6171,gitlab,5.3,3.1
CVE-2025-6945,gitlab,3.5,3.1
CVE-2025-7000,gitlab,4.3,3.1
CVE-2025-7736,gitlab,3.1,3.1
CVE-2025-12983,gitlab,3.5,3.1
CVE-2025-9825,gitlab,5.0,3.1
CVE-2025-12571,gitlab,7.5,3.1
CVE-2025-12653,gitlab,6.5,3.1
CVE-2025-13611,gitlab,2.0,3.1
CVE-2025-6195,gitlab,4.3,3.1
CVE-2025-7449,gitlab,6.5,3.1
CVE-2024-9183,gitlab,7.7,3.1
CVE-2025-12562,gitlab,7.5,3.1
CVE-2025-12716,gitlab,8.7,3.1
CVE-2025-13978,gitlab,4.3,3.1
CVE-2025-14157,gitlab,6.5,3.1
CVE-2025-11247,gitlab,4.3,3.1
CVE-2025-11984,gitlab,6.8,3.1
CVE-2025-4097,gitlab,6.5,3.1
CVE-2025-8405,gitlab,7.7,3.1
CVE-2025-12029,gitlab,8.0,3.1
CVE-2025-12734,gitlab,3.5,3.1
CVE-2025-10569,gitlab,6.5,3.1
CVE-2025-11246,gitlab,5.4,3.1
CVE-2025-13761,gitlab,8.0,3.1
CVE-2025-13772,gitlab,7.1,3.1
CVE-2025-13781,gitlab,6.5,3.1
CVE-2025-3950,gitlab,3.5,3.1
CVE-2025-9222,gitlab,8.7,3.1
CVE-2025-11224,gitlab,7.7,3.1
CVE-2025-13335,gitlab,6.5,3.1
CVE-2025-13927,gitlab,7.5,3.1
CVE-2025-13928,gitlab,7.5,3.1
CVE-2026-0723,gitlab,7.4,3.1
CVE-2026-1102,gitlab,5.3,3.1
CVE-2026-1751,gitlab,3.1,3.1
CVE-2025-12073,gitlab,4.3,3.1
CVE-2025-12575,gitlab,5.4,3.1
CVE-2025-14560,gitlab,7.3,3.1
CVE-2025-14592,gitlab,3.7,3.1
CVE-2025-14594,gitlab,3.5,3.1
CVE-2025-7659,gitlab,8.0,3.1
CVE-2025-8099,gitlab,7.5,3.1
CVE-2026-0595,gitlab,7.3,3.1
CVE-2026-0958,gitlab,7.5,3.1
CVE-2026-1080,gitlab,4.3,3.1
CVE-2026-1094,gitlab,4.6,3.1
CVE-2026-1282,gitlab,3.5,3.1
CVE-2026-1387,gitlab,6.5,3.1
CVE-2026-1456,gitlab,6.5,3.1
CVE-2026-1458,gitlab,6.5,3.1
CVE-2025-14103,gitlab,4.3,3.1
CVE-2025-3525,gitlab,6.5,3.1
CVE-2025-14511,gitlab,7.5,3.1
CVE-2026-0752,gitlab,8.0,3.1
CVE-2026-1388,gitlab,7.5,3.1
CVE-2026-1662,gitlab,7.5,3.1
CVE-2026-1725,gitlab,5.3,3.1
CVE-2026-1747,gitlab,4.3,3.1
CVE-2026-2845,gitlab,6.5,3.1
CVE-2025-12576,gitlab,6.5,3.1
CVE-2025-12697,gitlab,2.2,3.1
CVE-2025-12704,gitlab,3.5,3.1
CVE-2025-13690,gitlab,6.5,3.1
CVE-2025-13929,gitlab,7.5,3.1
CVE-2025-14513,gitlab,7.5,3.1
CVE-2026-0602,gitlab,4.3,3.1
CVE-2026-1069,gitlab,7.5,3.1
CVE-2026-1090,gitlab,8.7,3.1
CVE-2026-1230,gitlab,4.1,3.1
CVE-2026-1663,gitlab,4.3,3.1
CVE-2026-1732,gitlab,4.3,3.1
CVE-2026-3848,gitlab,5.0,3.1
CVE-2025-12555,gitlab,4.3,3.1
CVE-2026-1182,gitlab,4.3,3.1
CVE-2026-4363,gitlab,3.7,3.1
CVE-2025-13078,gitlab,6.5,3.1
CVE-2025-13436,gitlab,6.5,3.1
CVE-2025-14595,gitlab,4.3,3.1
CVE-2026-1724,gitlab,6.8,3.1
CVE-2026-2726,gitlab,4.3,3.1
CVE-2026-2745,gitlab,6.8,3.1
CVE-2026-2973,gitlab,5.4,3.1
CVE-2026-2995,gitlab,7.7,3.1
CVE-2026-3857,gitlab,8.1,3.1
CVE-2026-3988,gitlab,7.5,3.1
CVE-2026-2370,gitlab,8.1,3.1
CVE-2025-12664,gitlab,7.5,3.1
CVE-2025-9484,gitlab,4.3,3.1
CVE-2026-1092,gitlab,7.5,3.1
CVE-2026-1101,gitlab,6.5,3.1
CVE-2026-1516,gitlab,5.7,3.1
CVE-2026-1752,gitlab,4.3,3.1
CVE-2026-2104,gitlab,4.3,3.1
CVE-2026-2619,gitlab,4.3,3.1
CVE-2026-4332,gitlab,5.4,3.1
CVE-2026-4916,gitlab,2.7,3.1
CVE-2026-5173,gitlab,8.5,3.1
